{"feedforward": {"accuracy": 0.961, "confusion_matrix": [[966, 1, 8, 0, 15, 2, 20, 2, 4, 4], [1, 1094, 1, 2, 0, 0, 3, 0, 1, 2], [2, 2, 990, 9, 8, 0, 1, 6, 8, 0], [0, 10, 8, 972, 2, 11, 0, 4, 6, 20], [0, 0, 2, 0, 924, 0, 6, 1, 5, 11], [5, 1, 0, 13, 4, 867, 10, 0, 7, 8], [2, 1, 1, 0, 2, 1, 913, 0, 1, 0], [1, 6, 13, 5, 3, 1, 0, 999, 1, 13], [3, 20, 9, 9, 3, 6, 5, 1, 939, 5], [0, 0, 0, 0, 21, 4, 0, 15, 2, 946]], "predict_time": 0.27701720000000307, "train_time": 64.33001680000001},
 "rnn": {"accuracy": 0.9796, "confusion_matrix": [[974, 0, 2, 0, 0, 2, 4, 1, 4, 1], [0, 1121, 5, 0, 1, 3, 3, 6, 3, 3], [0, 2, 1006, 1, 1, 0, 0, 8, 0, 1], [2, 2, 9, 1001, 0, 10, 0, 3, 2, 2], [0, 0, 1, 0, 964, 0, 5, 0, 3, 14], [1, 1, 1, 6, 0, 870, 8, 0, 5, 4], [2, 3, 1, 0, 2, 4, 938, 0, 4, 0], [0, 3, 4, 0, 1, 0, 0, 999, 1, 4], [1, 3, 3, 1, 3, 0, 0, 2, 945, 2], [0, 0, 0, 1, 10, 3, 0, 9, 7, 978]], "predict_time": 0.3127886999996008, "train_time": 2176.9773286},
 "linear_regression": {"accuracy": 0.2634, "confusion_matrix": [[383, 24, 77, 22, 0, 0, 5, 0, 0, 0], [312, 544, 180, 95, 1, 8, 7, 2, 5, 2], [173, 362, 288, 289, 14, 53, 51, 18, 12, 7], [57, 144, 291, 319, 94, 202, 94, 48, 55, 15], [39, 45, 141, 191, 302, 276, 243, 90, 149, 41], [11, 13, 47, 47, 304, 235, 271, 198, 246, 88], [4, 3, 4, 29, 192, 72, 204, 280, 269, 220], [1, 0, 3, 10, 60, 24, 74, 223, 153, 362], [0, 0, 1, 8, 14, 13, 9, 121, 62, 200], [0, 0, 0, 0, 1, 9, 0, 48, 23, 74]], "predict_time": 0.022639900000000157, "train_time": 1.3479848},
 "logistic_regression": {"accuracy": 0.9202, "confusion_matrix": [[962, 0, 8, 3, 2, 11, 12, 2, 8, 10], [0, 1111, 7, 0, 1, 2, 3, 9, 6, 6], [1, 2, 918, 21, 4, 4, 6, 26, 8, 3], [1, 2, 17, 917, 1, 34, 1, 6, 22, 12], [0, 0, 12, 0, 921, 11, 10, 7, 9, 43], [3, 3, 2, 25, 0, 763, 10, 0, 26, 9], [10, 4, 12, 3, 10, 19, 914, 0, 9, 0], [1, 1, 11, 9, 2, 5, 1, 937, 13, 20], [2, 12, 40, 21, 9, 36, 1, 3, 861, 8], [0, 0, 5, 11, 32, 7, 0, 38, 12, 898]], "predict_time": 0.09751619999997274, "train_time": 59.836253099999794},
 "feature_detect": {"accuracy": 0.7602, "confusion_matrix": [[933, 0, 5, 1, 11, 12, 58, 5, 4, 3], [0, 949, 0, 0, 1, 0, 1, 1, 0, 2], [19, 9, 733, 91, 17, 6, 96, 92, 25, 8], [6, 63, 170, 801, 7, 60, 6, 114, 48, 28], [1, 90, 15, 21, 836, 15, 52, 16, 49, 86], [3, 11, 23, 42, 15, 705, 58, 0, 112, 95], [2, 1, 22, 3, 42, 15, 631, 0, 43, 4], [2, 7, 1, 11, 22, 16, 0, 791, 3, 129], [13, 0, 61, 30, 9, 35, 43, 1, 583, 14], [1, 5, 2, 10, 22, 28, 13, 8, 107, 640]], "predict_time": 21.20533720000003, "train_time": 0.021043299999746523},
 "naive_bayes": {"accuracy": 0.8156, "confusion_matrix": [[902, 0, 15, 6, 4, 19, 12, 1, 8, 6], [0, 1096, 37, 34, 6, 28, 22, 38, 67, 16], [0, 1, 778, 26, 5, 7, 12, 8, 8, 3], [4, 4, 30, 815, 0, 94, 1, 4, 36, 9], [1, 0, 9, 0, 641, 23, 8, 20, 11, 38], [11, 0, 5, 18, 4, 574, 22, 0, 17, 1], [20, 6, 59, 15, 22, 24, 867, 1, 12, 0], [1, 0, 14, 11, 0, 11, 0, 839, 4, 15], [37, 28, 79, 43, 19, 64, 13, 25, 742, 19], [4, 0, 6, 42, 281, 48, 1, 92, 69, 902]], "predict_time": 2.419053299999632, "train_time": 0.42027749999988373},
 "svm": {"accuracy": 0.9857, "confusion_matrix": [[975, 0, 4, 0, 1, 2, 4, 0, 2, 2], [0, 1129, 0, 0, 1, 0, 2, 3, 0, 3], [1, 2, 1016, 2, 1, 0, 0, 9, 1, 1], [0, 1, 1, 997, 0, 5, 0, 1, 2, 5], [0, 0, 1, 1, 971, 1, 1, 1, 2, 8], [1, 1, 0, 2, 0, 874, 2, 0, 1, 2], [0, 0, 0, 0, 4, 3, 947, 0, 0, 1], [1, 1, 7, 4, 0, 1, 0, 1008, 2, 5], [2, 1, 3, 3, 0, 4, 2, 1, 961, 3], [0, 0, 0, 1, 4, 2, 0, 5, 3, 979]], "predict_time": 20.632889800000157, "train_time": 114.03349239999989},
 "random_forest": {"accuracy": 0.9709, "confusion_matrix": [[969, 0, 6, 0, 1, 2, 6, 1, 4, 7], [0, 1124, 0, 0, 0, 0, 3, 2, 0, 6], [0, 2, 999, 8, 2, 0, 0, 18, 4, 0], [0, 3, 6, 975, 0, 10, 0, 2, 10, 13], [0, 0, 3, 0, 958, 3, 3, 2, 5, 11], [2, 1, 0, 8, 0, 862, 4, 0, 4, 2], [3, 3, 3, 0, 4, 6, 939, 0, 4, 1], [1, 0, 8, 9, 0, 2, 0, 991, 4, 3], [4, 1, 7, 8, 2, 5, 3, 1, 931, 5], [1, 1, 0, 2, 15, 2, 0, 11, 8, 961]], "predict_time": 0.22649299999966388, "train_time": 11.296526500000255},
 "kmeans": {"accuracy": 0.9388, "confusion_matrix": [[961, 0, 6, 1, 0, 3, 9, 0, 4, 5], [1, 1125, 5, 2, 10, 1, 3, 22, 2, 6], [4, 5, 988, 4, 0, 0, 2, 11, 7, 5], [0, 1, 2, 925, 0, 24, 0, 0, 26, 11], [0, 0, 1, 1, 885, 1, 1, 7, 5, 41], [4, 0, 1, 41, 0, 834, 1, 0, 19, 1], [9, 2, 3, 0, 13, 12, 937, 0, 4, 0], [1, 0, 11, 12, 5, 1, 0, 942, 8, 38], [0, 1, 15, 17, 3, 13, 5, 1, 895, 6], [0, 1, 0, 7, 66, 3, 0, 45, 4, 896]], "predict_time": 2.37533220000023, "train_time": 26.739721800000098},
 "cnn": {"accuracy": 0.9971, "confusion_matrix": [[979, 0, 1, 0, 0, 0, 1, 0, 0, 0], [0, 1133, 0, 0, 0, 0, 1, 2, 0, 0], [0, 0, 1029, 0, 1, 0, 0, 1, 1, 0], [0, 0, 0, 1009, 0, 2, 0, 0, 1, 0], [0, 0, 0, 0, 980, 0, 0, 0, 0, 6], [1, 0, 0, 1, 0, 889, 0, 0, 1, 0], [0, 1, 0, 0, 0, 1, 954, 0, 0, 0], [0, 1, 2, 0, 0, 0, 0, 1025, 0, 0], [0, 0, 0, 0, 0, 0, 2, 0, 971, 1], [0, 0, 0, 0, 1, 0, 0, 0, 0, 1002]], "predict_time": 1.5978444000002128, "train_time": 2971.6041291}}