{"feedforward": {"accuracy": 0.9648, "confusion_matrix": [[953, 2, 7, 12, 2, 26, 14, 3, 4, 4], [0, 1127, 1, 2, 0, 1, 3, 4, 0, 1], [1, 0, 1008, 9, 1, 1, 0, 10, 6, 0], [2, 0, 2, 952, 0, 11, 0, 0, 13, 8], [2, 0, 0, 0, 961, 0, 2, 0, 5, 14], [0, 0, 0, 7, 0, 830, 1, 0, 3, 5], [19, 0, 4, 1, 5, 10, 932, 1, 7, 1], [1, 0, 8, 11, 3, 1, 0, 1002, 6, 16], [2, 6, 1, 8, 0, 4, 6, 1, 925, 2], [0, 0, 1, 8, 10, 8, 0, 7, 5, 958]], "predict_time": 0.406799055999727, "train_time": 71.37791088999984}, "rnn": {"accuracy": 0.9666, "confusion_matrix": [[963, 2, 5, 1, 0, 5, 12, 1, 14, 0], [0, 1103, 0, 0, 1, 1, 1, 3, 1, 0], [4, 1, 993, 5, 1, 3, 0, 19, 6, 1], [0, 6, 23, 990, 0, 23, 0, 8, 4, 6], [0, 1, 2, 0, 965, 1, 3, 0, 0, 12], [0, 0, 1, 6, 1, 821, 1, 0, 2, 2], [8, 13, 4, 0, 1, 17, 940, 1, 13, 0], [1, 3, 1, 2, 1, 2, 0, 987, 2, 2], [3, 6, 3, 2, 0, 6, 1, 1, 921, 3], [1, 0, 0, 4, 12, 13, 0, 8, 11, 983]], "predict_time": 0.5210234169990144, "train_time": 124.1284349589987}}