{"naive_bayes": {"accuracy": 0.8156, "confusion_matrix": [[902, 0, 15, 6, 4, 19, 12, 1, 8, 6], [0, 1096, 37, 34, 6, 28, 22, 38, 67, 16], [0, 1, 778, 26, 5, 7, 12, 8, 8, 3], [4, 4, 30, 815, 0, 94, 1, 4, 36, 9], [1, 0, 9, 0, 641, 23, 8, 20, 11, 38], [11, 0, 5, 18, 4, 574, 22, 0, 17, 1], [20, 6, 59, 15, 22, 24, 867, 1, 12, 0], [1, 0, 14, 11, 0, 11, 0, 839, 4, 15], [37, 28, 79, 43, 19, 64, 13, 25, 742, 19], [4, 0, 6, 42, 281, 48, 1, 92, 69, 902]], "train_time": "0.38975795799979096s"}, "svm": {"accuracy": 0.9857, "confusion_matrix": [[975, 0, 4, 0, 1, 2, 4, 0, 2, 2], [0, 1129, 0, 0, 1, 0, 2, 3, 0, 3], [1, 2, 1016, 2, 1, 0, 0, 9, 1, 1], [0, 1, 1, 997, 0, 5, 0, 1, 2, 5], [0, 0, 1, 1, 971, 1, 1, 1, 2, 8], [1, 1, 0, 2, 0, 874, 2, 0, 1, 2], [0, 0, 0, 0, 4, 3, 947, 0, 0, 1], [1, 1, 7, 4, 0, 1, 0, 1008, 2, 5], [2, 1, 3, 3, 0, 4, 2, 1, 961, 3], [0, 0, 0, 1, 4, 2, 0, 5, 3, 979]], "train_time": "143.0590668090008s"}, "random_forest": {"accuracy": 0.9703, "confusion_matrix": [[973, 0, 6, 1, 1, 2, 7, 1, 4, 7], [1, 1122, 0, 0, 0, 0, 3, 2, 0, 6], [1, 3, 999, 11, 2, 0, 1, 20, 7, 2], [0, 3, 4, 973, 0, 13, 0, 2, 9, 9], [0, 0, 3, 0, 959, 3, 4, 2, 3, 11], [1, 2, 0, 6, 0, 859, 4, 0, 5, 1], [1, 2, 4, 0, 4, 6, 936, 0, 5, 1], [1, 0, 9, 9, 0, 1, 0, 989, 4, 3], [2, 2, 7, 7, 2, 5, 3, 2, 929, 5], [0, 1, 0, 3, 14, 3, 0, 10, 8, 964]], "train_time": "17.36706819600022s"}, "kmeans": {"accuracy": 0.9388, "confusion_matrix": [[961, 0, 6, 1, 0, 3, 9, 0, 4, 5], [1, 1125, 5, 2, 10, 1, 3, 22, 2, 6], [4, 5, 988, 4, 0, 0, 2, 11, 7, 5], [0, 1, 2, 925, 0, 24, 0, 0, 26, 11], [0, 0, 1, 1, 885, 1, 1, 7, 5, 41], [4, 0, 1, 41, 0, 834, 1, 0, 19, 1], [9, 2, 3, 0, 13, 12, 937, 0, 4, 0], [1, 0, 11, 12, 5, 1, 0, 942, 8, 38], [0, 1, 15, 17, 3, 13, 5, 1, 895, 6], [0, 1, 0, 7, 66, 3, 0, 45, 4, 896]], "train_time": "63.54251714200018s"}, "cnn": {"accuracy": 0.9854, "confusion_matrix": [[975, 0, 1, 0, 0, 0, 5, 0, 7, 1], [0, 1133, 1, 0, 1, 0, 6, 5, 1, 5], [3, 1, 1026, 2, 0, 0, 0, 7, 7, 0], [0, 1, 2, 1003, 0, 7, 0, 2, 9, 5], [0, 0, 1, 0, 968, 0, 2, 0, 0, 6], [1, 0, 0, 3, 0, 884, 4, 0, 9, 5], [0, 0, 0, 0, 0, 1, 941, 0, 3, 0], [1, 0, 1, 2, 1, 0, 0, 1014, 1, 8], [0, 0, 0, 0, 0, 0, 0, 0, 931, 0], [0, 0, 0, 0, 12, 0, 0, 0, 6, 979]], "train_time": "51.77452322600038s"}}