{"logistic_regression": {"accuracy": 0.9202, "confusion_matrix": [[964, 0, 11, 3, 1, 11, 14, 2, 8, 10], [0, 1113, 10, 0, 1, 2, 3, 9, 8, 7], [1, 2, 908, 19, 4, 3, 6, 25, 8, 2], [2, 2, 19, 916, 1, 38, 1, 7, 24, 12], [0, 1, 12, 0, 921, 10, 8, 5, 9, 32], [2, 2, 1, 26, 0, 763, 9, 0, 25, 9], [8, 4, 12, 3, 11, 18, 913, 0, 10, 0], [1, 2, 12, 10, 2, 5, 2, 942, 14, 23], [2, 9, 42, 22, 9, 34, 2, 3, 854, 6], [0, 0, 5, 11, 32, 8, 0, 35, 14, 908]], "predict_time": 0.18832212800043635, "train_time": 97.10211760799939}}