{"feedforward": {"accuracy": 0.9624, "confusion_matrix": [[958, 0, 4, 0, 1, 1, 3, 1, 2, 1], [0, 1116, 0, 0, 0, 0, 2, 3, 2, 4], [0, 3, 995, 7, 17, 1, 2, 11, 15, 4], [1, 7, 12, 979, 1, 24, 1, 3, 4, 10], [11, 0, 7, 2, 945, 1, 6, 9, 16, 22], [3, 2, 0, 7, 0, 854, 6, 1, 19, 6], [6, 2, 2, 0, 5, 4, 936, 0, 7, 0], [0, 1, 6, 6, 1, 1, 0, 996, 5, 7], [1, 4, 6, 5, 2, 2, 2, 2, 894, 4], [0, 0, 0, 4, 10, 4, 0, 2, 10, 951]], "predict_time": 0.4222901280008955, "train_time": "70.17003824600033s"}}